name	mass_kg	Izz_kgm2	dist_threshold
Puck1	0.013841	0.00000432531	0.0635
Puck2	0.014372	0.00000449125	0.0635
