name	mass_kg	Izz_kgm2	dist_threshold
Puck1	0.01506	0.00000590352	60
Puck2	0.01454	0.00000569968	60
