name	mass_kg	Izz_kgm2	dist_threshold
Puck1	0.01497	0.000005456565	62
Puck2	0.01441	0.000005252445	62
