name	mass_kg	Izz_kgm2	dist_threshold
Puck1	0.0147	0.00000459375	60
Puck2	0.0141	0.00000440625	60
